,precision,recall,f1-score,support
ACTION,0.587348,0.610328,0.598617,6952
HISTORY,0.683853,0.745471,0.713334,16725
LOCATION,0.515111,0.484937,0.499569,2390
ORGANIZATION,0.482471,0.500867,0.491497,577
OTHER,0.612,0.588595,0.600069,4419
PERSON,0.633841,0.718692,0.673605,1621
SYMPTOM,0.542784,0.494823,0.517695,7243
micro avg,0.622231,0.638891,0.630451,39927
macro avg,0.57963,0.591959,0.584912,39927
weighted avg,0.618465,0.638891,0.627719,39927
