,precision,recall,f1-score,support
ACTION,0.12345679,0.090909091,0.104712042,110
HISTORY,0.296296296,0.294617564,0.295454545,353
LOCATION,0.06122449,0.136363636,0.084507042,22
ORGANIZATION,0.333333333,0.176470588,0.230769231,17
OTHER,0.015151515,0.130434783,0.027149321,23
PERSON,0,0,0,939
SYMPTOM,0.115183246,0.091666667,0.102088167,240
micro avg,0.157437568,0.085093897,0.11047619,1704
macro avg,0.134949382,0.131494618,0.120668621,1704
weighted avg,0.089893726,0.085093897,0.086104229,1704
